Date,Tbill
1/2/2002,1.71
1/3/2002,1.7
1/4/2002,1.69
1/7/2002,1.68
1/8/2002,1.67
1/9/2002,1.65
1/10/2002,1.64
1/11/2002,1.6
1/14/2002,1.6
1/15/2002,1.61
1/16/2002,1.6
1/17/2002,1.57
1/18/2002,1.57
1/22/2002,1.64
1/23/2002,1.65
1/24/2002,1.66
1/25/2002,1.66
1/28/2002,1.68
1/29/2002,1.66
1/30/2002,1.67
1/31/2002,1.66
2/1/2002,1.66
2/4/2002,1.67
2/5/2002,1.67
2/6/2002,1.7
2/7/2002,1.68
2/8/2002,1.66
2/11/2002,1.7
2/12/2002,1.71
2/13/2002,1.72
2/14/2002,1.72
2/15/2002,1.69
2/19/2002,1.7
2/20/2002,1.7
2/21/2002,1.73
2/22/2002,1.72
2/25/2002,1.73
2/26/2002,1.74
2/27/2002,1.74
2/28/2002,1.73
3/1/2002,1.75
3/4/2002,1.74
3/5/2002,1.74
3/6/2002,1.74
3/7/2002,1.74
3/8/2002,1.74
3/11/2002,1.77
3/12/2002,1.76
3/13/2002,1.77
3/14/2002,1.76
3/15/2002,1.76
3/18/2002,1.74
3/19/2002,1.75
3/20/2002,1.76
3/21/2002,1.75
3/22/2002,1.75
3/25/2002,1.75
3/26/2002,1.76
3/27/2002,1.74
3/28/2002,1.73
4/1/2002,1.76
4/2/2002,1.75
4/3/2002,1.74
4/4/2002,1.74
4/5/2002,1.73
4/8/2002,1.73
4/9/2002,1.7
4/10/2002,1.69
4/11/2002,1.69
4/12/2002,1.69
4/15/2002,1.68
4/16/2002,1.68
4/17/2002,1.68
4/18/2002,1.67
4/19/2002,1.66
4/22/2002,1.64
4/23/2002,1.64
4/24/2002,1.64
4/25/2002,1.65
4/26/2002,1.65
4/29/2002,1.7
4/30/2002,1.72
5/1/2002,1.73
5/2/2002,1.71
5/3/2002,1.7
5/6/2002,1.71
5/7/2002,1.7
5/8/2002,1.73
5/9/2002,1.71
5/10/2002,1.7
5/13/2002,1.74
5/14/2002,1.74
5/15/2002,1.73
5/16/2002,1.71
5/17/2002,1.7
5/20/2002,1.7
5/21/2002,1.7
5/22/2002,1.69
5/23/2002,1.7
5/24/2002,1.68
5/28/2002,1.71
5/29/2002,1.7
5/30/2002,1.7
5/31/2002,1.69
6/3/2002,1.69
6/4/2002,1.7
6/5/2002,1.72
6/6/2002,1.71
6/7/2002,1.71
6/10/2002,1.72
6/11/2002,1.72
6/12/2002,1.71
6/13/2002,1.68
6/14/2002,1.68
6/17/2002,1.67
6/18/2002,1.67
6/19/2002,1.66
6/20/2002,1.65
6/21/2002,1.65
6/24/2002,1.63
6/25/2002,1.67
6/26/2002,1.69
6/27/2002,1.67
6/28/2002,1.66
7/1/2002,1.68
7/2/2002,1.67
7/3/2002,1.68
7/5/2002,1.68
7/8/2002,1.7
7/9/2002,1.7
7/10/2002,1.7
7/11/2002,1.69
7/12/2002,1.68
7/15/2002,1.68
7/16/2002,1.69
7/17/2002,1.69
7/18/2002,1.69
7/19/2002,1.69
7/22/2002,1.69
7/23/2002,1.69
7/24/2002,1.67
7/25/2002,1.68
7/26/2002,1.69
7/29/2002,1.7
7/30/2002,1.7
7/31/2002,1.7
8/1/2002,1.68
8/2/2002,1.64
8/5/2002,1.66
8/6/2002,1.67
8/7/2002,1.64
8/8/2002,1.65
8/9/2002,1.64
8/12/2002,1.65
8/13/2002,1.65
8/14/2002,1.66
8/15/2002,1.64
8/16/2002,1.64
8/19/2002,1.65
8/20/2002,1.64
8/21/2002,1.66
8/22/2002,1.64
8/23/2002,1.64
8/26/2002,1.65
8/27/2002,1.67
8/28/2002,1.69
8/29/2002,1.69
8/30/2002,1.68
9/3/2002,1.67
9/4/2002,1.67
9/5/2002,1.64
9/6/2002,1.66
9/9/2002,1.68
9/10/2002,1.69
9/11/2002,1.68
9/12/2002,1.67
9/13/2002,1.65
9/16/2002,1.66
9/17/2002,1.67
9/18/2002,1.67
9/19/2002,1.61
9/20/2002,1.61
9/23/2002,1.63
9/24/2002,1.65
9/25/2002,1.65
9/26/2002,1.64
9/27/2002,1.61
9/30/2002,1.58
10/1/2002,1.61
10/2/2002,1.59
10/3/2002,1.56
10/4/2002,1.58
10/7/2002,1.59
10/8/2002,1.6
10/9/2002,1.58
10/10/2002,1.57
10/11/2002,1.57
10/15/2002,1.63
10/16/2002,1.64
10/17/2002,1.63
10/18/2002,1.63
10/21/2002,1.66
10/22/2002,1.68
10/23/2002,1.66
10/24/2002,1.62
10/25/2002,1.61
10/28/2002,1.57
10/29/2002,1.56
10/30/2002,1.54
10/31/2002,1.46
11/1/2002,1.42
11/4/2002,1.42
11/5/2002,1.42
11/6/2002,1.22
11/7/2002,1.18
11/8/2002,1.17
11/12/2002,1.18
11/13/2002,1.2
11/14/2002,1.2
11/15/2002,1.21
11/18/2002,1.22
11/19/2002,1.21
11/20/2002,1.2
11/21/2002,1.21
11/22/2002,1.21
11/25/2002,1.22
11/26/2002,1.25
11/27/2002,1.26
11/29/2002,1.23
12/2/2002,1.24
12/3/2002,1.21
12/4/2002,1.21
12/5/2002,1.21
12/6/2002,1.21
12/9/2002,1.22
12/10/2002,1.21
12/11/2002,1.21
12/12/2002,1.18
12/13/2002,1.18
12/16/2002,1.18
12/17/2002,1.2
12/18/2002,1.18
12/19/2002,1.17
12/20/2002,1.16
12/23/2002,1.13
12/24/2002,1.15
12/26/2002,1.12
12/27/2002,1.05
12/30/2002,1.12
12/31/2002,1.18
1/2/2003,1.16
1/3/2003,1.16
1/6/2003,1.15
1/7/2003,1.15
1/8/2003,1.15
1/9/2003,1.16
1/10/2003,1.15
1/13/2003,1.15
1/14/2003,1.16
1/15/2003,1.15
1/16/2003,1.15
1/17/2003,1.15
1/21/2003,1.15
1/22/2003,1.15
1/23/2003,1.14
1/24/2003,1.12
1/27/2003,1.13
1/28/2003,1.17
1/29/2003,1.16
1/30/2003,1.15
1/31/2003,1.15
2/3/2003,1.14
2/4/2003,1.16
2/5/2003,1.16
2/6/2003,1.15
2/7/2003,1.15
2/10/2003,1.15
2/11/2003,1.17
2/12/2003,1.16
2/13/2003,1.16
2/14/2003,1.17
2/18/2003,1.17
2/19/2003,1.17
2/20/2003,1.17
2/21/2003,1.18
2/24/2003,1.19
2/25/2003,1.23
2/26/2003,1.24
2/27/2003,1.22
2/28/2003,1.19
3/3/2003,1.18
3/4/2003,1.21
3/5/2003,1.19
3/6/2003,1.18
3/7/2003,1.14
3/10/2003,1.12
3/11/2003,1.13
3/12/2003,1.13
3/13/2003,1.13
3/14/2003,1.12
3/17/2003,1.14
3/18/2003,1.17
3/19/2003,1.17
3/20/2003,1.17
3/21/2003,1.16
3/24/2003,1.16
3/25/2003,1.19
3/26/2003,1.17
3/27/2003,1.16
3/28/2003,1.13
3/31/2003,1.14
4/1/2003,1.15
4/2/2003,1.15
4/3/2003,1.15
4/4/2003,1.15
4/7/2003,1.17
4/8/2003,1.17
4/9/2003,1.15
4/10/2003,1.16
4/11/2003,1.16
4/14/2003,1.17
4/15/2003,1.15
4/16/2003,1.13
4/17/2003,1.12
4/21/2003,1.12
4/22/2003,1.12
4/23/2003,1.12
4/24/2003,1.11
4/25/2003,1.11
4/28/2003,1.11
4/29/2003,1.12
4/30/2003,1.11
5/1/2003,1.07
5/2/2003,1.05
5/5/2003,1.06
5/6/2003,1.07
5/7/2003,1.06
5/8/2003,1.04
5/9/2003,1.05
5/12/2003,1.05
5/13/2003,1
5/14/2003,0.93
5/15/2003,0.96
5/16/2003,0.96
5/19/2003,0.99
5/20/2003,1
5/21/2003,1.12
5/22/2003,1.11
5/23/2003,1.13
5/27/2003,1.15
5/28/2003,1.19
5/29/2003,1.17
5/30/2003,1.15
6/2/2003,1.15
6/3/2003,1.15
6/4/2003,1.13
6/5/2003,1.1
6/6/2003,1.13
6/9/2003,1.14
6/10/2003,1.08
6/11/2003,1.05
6/12/2003,1.01
6/13/2003,0.91
6/16/2003,0.92
6/17/2003,0.91
6/18/2003,0.89
6/19/2003,0.82
6/20/2003,0.8
6/23/2003,0.82
6/24/2003,0.81
6/25/2003,0.9
6/26/2003,0.84
6/27/2003,0.78
6/30/2003,0.78
7/1/2003,0.87
7/2/2003,0.86
7/3/2003,0.86
7/7/2003,0.88
7/8/2003,0.9
7/9/2003,0.88
7/10/2003,0.87
7/11/2003,0.87
7/14/2003,0.86
7/15/2003,0.86
7/16/2003,0.83
7/17/2003,0.82
7/18/2003,0.82
7/21/2003,0.84
7/22/2003,0.87
7/23/2003,0.88
7/24/2003,0.89
7/25/2003,0.9
7/28/2003,0.95
7/29/2003,0.97
7/30/2003,0.92
7/31/2003,0.89
8/1/2003,0.89
8/4/2003,0.89
8/5/2003,0.91
8/6/2003,0.9
8/7/2003,0.89
8/8/2003,0.89
8/11/2003,0.9
8/12/2003,0.91
8/13/2003,0.93
8/14/2003,0.94
8/15/2003,0.9
8/18/2003,0.95
8/19/2003,0.94
8/20/2003,0.92
8/21/2003,0.93
8/22/2003,0.94
8/25/2003,0.95
8/26/2003,0.99
8/27/2003,0.98
8/28/2003,0.97
8/29/2003,0.96
9/2/2003,0.96
9/3/2003,0.96
9/4/2003,0.94
9/5/2003,0.93
9/8/2003,0.93
9/9/2003,0.93
9/10/2003,0.92
9/11/2003,0.91
9/12/2003,0.89
9/15/2003,0.89
9/16/2003,0.89
9/17/2003,0.88
9/18/2003,0.87
9/19/2003,0.86
9/22/2003,0.86
9/23/2003,0.87
9/24/2003,0.87
9/25/2003,0.86
9/26/2003,0.85
9/29/2003,0.84
9/30/2003,0.86
10/1/2003,0.86
10/2/2003,0.84
10/3/2003,0.85
10/6/2003,0.85
10/7/2003,0.83
10/8/2003,0.86
10/9/2003,0.88
10/10/2003,0.87
10/14/2003,0.87
10/15/2003,0.88
10/16/2003,0.88
10/17/2003,0.88
10/20/2003,0.88
10/21/2003,0.9
10/22/2003,0.9
10/23/2003,0.9
10/24/2003,0.9
10/27/2003,0.93
10/28/2003,0.96
10/29/2003,0.96
10/30/2003,0.95
10/31/2003,0.94
11/3/2003,0.95
11/4/2003,0.95
11/5/2003,0.94
11/6/2003,0.93
11/7/2003,0.93
11/10/2003,0.9
11/12/2003,0.9
11/13/2003,0.89
11/14/2003,0.9
11/17/2003,0.91
11/18/2003,0.93
11/19/2003,0.92
11/20/2003,0.91
11/21/2003,0.91
11/24/2003,0.92
11/25/2003,0.95
11/26/2003,0.95
11/28/2003,0.94
12/1/2003,0.95
12/2/2003,0.94
12/3/2003,0.94
12/4/2003,0.92
12/5/2003,0.92
12/8/2003,0.92
12/9/2003,0.91
12/10/2003,0.9
12/11/2003,0.86
12/12/2003,0.86
12/15/2003,0.85
12/16/2003,0.86
12/17/2003,0.83
12/18/2003,0.84
12/19/2003,0.86
12/22/2003,0.86
12/23/2003,0.87
12/24/2003,0.86
12/26/2003,0.74
12/29/2003,0.76
12/30/2003,0.86
12/31/2003,0.88
1/2/2004,0.86
1/5/2004,0.87
1/6/2004,0.86
1/7/2004,0.86
1/8/2004,0.86
1/9/2004,0.86
1/12/2004,0.86
1/13/2004,0.85
1/14/2004,0.84
1/15/2004,0.8
1/16/2004,0.78
1/20/2004,0.77
1/21/2004,0.8
1/22/2004,0.72
1/23/2004,0.77
1/26/2004,0.79
1/27/2004,0.87
1/28/2004,0.87
1/29/2004,0.85
1/30/2004,0.83
2/2/2004,0.85
2/3/2004,0.91
2/4/2004,0.89
2/5/2004,0.87
2/6/2004,0.87
2/9/2004,0.87
2/10/2004,0.89
2/11/2004,0.87
2/12/2004,0.88
2/13/2004,0.88
2/17/2004,0.88
2/18/2004,0.91
2/19/2004,0.91
2/20/2004,0.91
2/23/2004,0.93
2/24/2004,0.95
2/25/2004,0.94
2/26/2004,0.95
2/27/2004,0.93
3/1/2004,0.95
3/2/2004,0.97
3/3/2004,0.96
3/4/2004,0.96
3/5/2004,0.94
3/8/2004,0.94
3/9/2004,0.97
3/10/2004,0.96
3/11/2004,0.95
3/12/2004,0.95
3/15/2004,0.93
3/16/2004,0.96
3/17/2004,0.93
3/18/2004,0.92
3/19/2004,0.92
3/22/2004,0.93
3/23/2004,0.95
3/24/2004,0.94
3/25/2004,0.94
3/26/2004,0.93
3/29/2004,0.94
3/30/2004,0.96
3/31/2004,0.95
4/1/2004,0.94
4/2/2004,0.92
4/5/2004,0.93
4/6/2004,0.93
4/7/2004,0.93
4/8/2004,0.92
4/12/2004,0.91
4/13/2004,0.9
4/14/2004,0.91
4/15/2004,0.91
4/16/2004,0.9
4/19/2004,0.9
4/20/2004,0.92
4/21/2004,0.92
4/22/2004,0.79
4/23/2004,0.85
4/26/2004,0.86
4/27/2004,0.9
4/28/2004,0.86
4/29/2004,0.83
4/30/2004,0.81
5/3/2004,0.8
5/4/2004,0.92
5/5/2004,0.89
5/6/2004,0.87
5/7/2004,0.88
5/10/2004,0.86
5/11/2004,0.9
5/12/2004,0.88
5/13/2004,0.86
5/14/2004,0.85
5/17/2004,0.87
5/18/2004,0.9
5/19/2004,0.89
5/20/2004,0.88
5/21/2004,0.89
5/24/2004,0.89
5/25/2004,0.93
5/26/2004,0.92
5/27/2004,0.92
5/28/2004,0.92
6/1/2004,0.93
6/2/2004,0.95
6/3/2004,0.94
6/4/2004,0.93
6/7/2004,0.93
6/8/2004,1.02
6/9/2004,1.01
6/10/2004,1
6/14/2004,1.02
6/15/2004,1.07
6/16/2004,1.03
6/17/2004,1
6/18/2004,1
6/21/2004,0.99
6/22/2004,1.06
6/23/2004,1.06
6/24/2004,1.08
6/25/2004,1.08
6/28/2004,1.08
6/29/2004,1.17
6/30/2004,1.15
7/1/2004,0.99
7/2/2004,1.04
7/6/2004,1.07
7/7/2004,1.14
7/8/2004,1.12
7/9/2004,1.12
7/12/2004,1.13
7/13/2004,1.17
7/14/2004,1.15
7/15/2004,1.12
7/16/2004,1.12
7/19/2004,1.12
7/20/2004,1.2
7/21/2004,1.19
7/22/2004,1.19
7/23/2004,1.2
7/26/2004,1.26
7/27/2004,1.33
7/28/2004,1.3
7/29/2004,1.26
7/30/2004,1.24
8/2/2004,1.24
8/3/2004,1.35
8/4/2004,1.32
8/5/2004,1.31
8/6/2004,1.34
8/9/2004,1.37
8/10/2004,1.4
8/11/2004,1.38
8/12/2004,1.29
8/13/2004,1.3
8/16/2004,1.33
8/17/2004,1.36
8/18/2004,1.35
8/19/2004,1.32
8/20/2004,1.31
8/23/2004,1.29
8/24/2004,1.37
8/25/2004,1.35
8/26/2004,1.37
8/27/2004,1.4
8/30/2004,1.41
8/31/2004,1.43
9/1/2004,1.41
9/2/2004,1.43
9/3/2004,1.46
9/7/2004,1.49
9/8/2004,1.55
9/9/2004,1.55
9/10/2004,1.58
9/13/2004,1.56
9/14/2004,1.55
9/15/2004,1.54
9/16/2004,1.52
9/17/2004,1.55
9/20/2004,1.57
9/21/2004,1.6
9/22/2004,1.5
9/23/2004,1.5
9/24/2004,1.5
9/27/2004,1.55
9/28/2004,1.6
9/29/2004,1.49
9/30/2004,1.44
10/1/2004,1.49
10/4/2004,1.5
10/5/2004,1.54
10/6/2004,1.53
10/7/2004,1.53
10/8/2004,1.53
10/12/2004,1.55
10/13/2004,1.56
10/14/2004,1.57
10/15/2004,1.56
10/18/2004,1.56
10/19/2004,1.6
10/20/2004,1.59
10/21/2004,1.6
10/22/2004,1.61
10/25/2004,1.68
10/26/2004,1.79
10/27/2004,1.75
10/28/2004,1.68
10/29/2004,1.7
11/1/2004,1.74
11/2/2004,1.83
11/3/2004,1.8
11/4/2004,1.82
11/5/2004,1.82
11/8/2004,1.83
11/9/2004,1.86
11/10/2004,1.85
11/12/2004,1.87
11/15/2004,1.87
11/16/2004,1.87
11/17/2004,1.84
11/18/2004,1.84
11/19/2004,1.94
11/22/2004,1.93
11/23/2004,1.96
11/24/2004,1.95
11/26/2004,1.97
11/29/2004,1.97
11/30/2004,2.04
12/1/2004,2.02
12/2/2004,2.02
12/3/2004,2.02
12/6/2004,2.04
12/7/2004,2.05
12/8/2004,2.04
12/9/2004,2.03
12/10/2004,2.03
12/13/2004,1.98
12/14/2004,1.98
12/15/2004,1.94
12/16/2004,1.89
12/17/2004,1.9
12/20/2004,1.91
12/21/2004,1.89
12/22/2004,1.8
12/23/2004,1.78
12/27/2004,1.82
12/28/2004,1.84
12/29/2004,1.71
12/30/2004,1.62
12/31/2004,1.84
1/3/2005,1.91
1/4/2005,2.01
1/5/2005,2
1/6/2005,1.99
1/7/2005,1.98
1/10/2005,2
1/11/2005,1.99
1/12/2005,1.97
1/13/2005,2.01
1/14/2005,2
1/18/2005,1.96
1/19/2005,1.9
1/20/2005,1.83
1/21/2005,1.96
1/24/2005,1.97
1/25/2005,2.09
1/26/2005,2.12
1/27/2005,2.11
1/28/2005,2.06
1/31/2005,1.99
2/1/2005,2.2
2/2/2005,2.19
2/3/2005,2.15
2/4/2005,2.16
2/7/2005,2.22
2/8/2005,2.3
2/9/2005,2.3
2/10/2005,2.31
2/11/2005,2.32
2/14/2005,2.32
2/15/2005,2.36
2/16/2005,2.35
2/17/2005,2.36
2/18/2005,2.35
2/22/2005,2.37
2/23/2005,2.43
2/24/2005,2.44
2/25/2005,2.46
2/28/2005,2.45
3/1/2005,2.51
3/2/2005,2.49
3/3/2005,2.5
3/4/2005,2.51
3/7/2005,2.53
3/8/2005,2.57
3/9/2005,2.55
3/10/2005,2.55
3/11/2005,2.55
3/14/2005,2.56
3/15/2005,2.66
3/16/2005,2.64
3/17/2005,2.63
3/18/2005,2.65
3/21/2005,2.66
3/22/2005,2.72
3/23/2005,2.68
3/24/2005,2.65
3/28/2005,2.64
3/29/2005,2.66
3/30/2005,2.66
3/31/2005,2.58
4/1/2005,2.61
4/4/2005,2.59
4/5/2005,2.59
4/6/2005,2.56
4/7/2005,2.57
4/8/2005,2.56
4/11/2005,2.55
4/12/2005,2.58
4/13/2005,2.58
4/14/2005,2.58
4/15/2005,2.58
4/18/2005,2.6
4/19/2005,2.69
4/20/2005,2.6
4/21/2005,2.54
4/22/2005,2.58
4/25/2005,2.6
4/26/2005,2.66
4/27/2005,2.6
4/28/2005,2.55
4/29/2005,2.65
5/2/2005,2.6
5/3/2005,2.6
5/4/2005,2.54
5/5/2005,2.55
5/6/2005,2.59
5/9/2005,2.59
5/10/2005,2.55
5/11/2005,2.55
5/12/2005,2.52
5/13/2005,2.4
5/16/2005,2.38
5/17/2005,2.55
5/18/2005,2.55
5/19/2005,2.58
5/20/2005,2.6
5/23/2005,2.61
5/24/2005,2.77
5/25/2005,2.74
5/26/2005,2.72
5/27/2005,2.71
5/31/2005,2.73
6/1/2005,2.74
6/2/2005,2.75
6/3/2005,2.76
6/6/2005,2.76
6/7/2005,2.78
6/8/2005,2.78
6/9/2005,2.76
6/10/2005,2.76
6/13/2005,2.75
6/14/2005,2.74
6/15/2005,2.73
6/16/2005,2.71
6/17/2005,2.74
6/20/2005,2.74
6/21/2005,2.8
6/22/2005,2.79
6/23/2005,2.73
6/24/2005,2.72
6/27/2005,2.77
6/28/2005,2.94
6/29/2005,2.9
6/30/2005,2.94
7/1/2005,2.96
7/5/2005,2.96
7/6/2005,2.99
7/7/2005,2.94
7/8/2005,2.93
7/11/2005,2.91
7/12/2005,2.97
7/13/2005,2.97
7/14/2005,2.98
7/15/2005,2.98
7/18/2005,2.98
7/19/2005,3.08
7/20/2005,3.05
7/21/2005,3.07
7/22/2005,3.09
7/25/2005,3.12
7/26/2005,3.19
7/27/2005,3.17
7/28/2005,3.19
7/29/2005,3.19
8/1/2005,3.23
8/2/2005,3.29
8/3/2005,3.28
8/4/2005,3.28
8/5/2005,3.29
8/8/2005,3.31
8/9/2005,3.31
8/10/2005,3.32
8/11/2005,3.25
8/12/2005,3.25
8/15/2005,3.19
8/16/2005,3.26
8/17/2005,3.25
8/18/2005,3.24
8/19/2005,3.26
8/22/2005,3.27
8/23/2005,3.28
8/24/2005,3.28
8/25/2005,3.28
8/26/2005,3.29
8/29/2005,3.36
8/30/2005,3.34
8/31/2005,3.35
9/1/2005,3.29
9/2/2005,3.32
9/6/2005,3.32
9/7/2005,3.3
9/8/2005,3.25
9/9/2005,3.26
9/12/2005,3.26
9/13/2005,3.25
9/14/2005,3.2
9/15/2005,3.17
9/16/2005,3.16
9/19/2005,3.14
9/20/2005,3.24
9/21/2005,2.96
9/22/2005,2.92
9/23/2005,2.99
9/26/2005,3.1
9/27/2005,3.1
9/28/2005,3.06
9/29/2005,3.02
9/30/2005,3.08
10/3/2005,3.12
10/4/2005,3.29
10/5/2005,3.28
10/6/2005,3.27
10/7/2005,3.28
10/11/2005,3.31
10/12/2005,3.43
10/13/2005,3.43
10/14/2005,3.41
10/17/2005,3.43
10/18/2005,3.51
10/19/2005,3.5
10/20/2005,3.38
10/21/2005,3.39
10/24/2005,3.4
10/25/2005,3.65
10/26/2005,3.64
10/27/2005,3.65
10/28/2005,3.68
10/31/2005,3.69
11/1/2005,3.72
11/2/2005,3.71
11/3/2005,3.74
11/4/2005,3.73
11/7/2005,3.74
11/8/2005,3.82
11/9/2005,3.84
11/10/2005,3.83
11/14/2005,3.86
11/15/2005,3.94
11/16/2005,3.93
11/17/2005,3.91
11/18/2005,3.89
11/21/2005,3.87
11/22/2005,3.87
11/23/2005,3.87
11/25/2005,3.85
11/28/2005,3.88
11/29/2005,3.92
11/30/2005,3.93
12/1/2005,3.93
12/2/2005,3.94
12/5/2005,3.95
12/6/2005,3.77
12/7/2005,3.77
12/8/2005,3.6
12/9/2005,3.54
12/12/2005,3.49
12/13/2005,3.55
12/14/2005,3.54
12/15/2005,3.52
12/16/2005,3.47
12/19/2005,3.45
12/20/2005,3.48
12/21/2005,3.48
12/22/2005,3.47
12/23/2005,3.38
12/27/2005,3.38
12/28/2005,3.5
12/29/2005,3.59
12/30/2005,3.94
1/3/2006,3.97
1/4/2006,3.96
1/5/2006,3.97
1/6/2006,3.98
1/9/2006,4
1/10/2006,4.08
1/11/2006,4.08
1/12/2006,4.08
1/13/2006,4.04
1/17/2006,3.99
1/18/2006,3.96
1/19/2006,3.89
1/20/2006,3.85
1/23/2006,3.85
1/24/2006,4.16
1/25/2006,4.14
1/26/2006,4.08
1/27/2006,4.1
1/30/2006,4.08
1/31/2006,4.3
2/1/2006,4.26
2/2/2006,4.25
2/3/2006,4.24
2/6/2006,4.24
2/7/2006,4.26
2/8/2006,4.27
2/9/2006,4.25
2/10/2006,4.28
2/13/2006,4.29
2/14/2006,4.34
2/15/2006,4.32
2/16/2006,4.31
2/17/2006,4.32
2/21/2006,4.33
2/22/2006,4.36
2/23/2006,4.36
2/24/2006,4.37
2/27/2006,4.4
2/28/2006,4.39
3/1/2006,4.37
3/2/2006,4.37
3/3/2006,4.36
3/6/2006,4.35
3/7/2006,4.39
3/8/2006,4.37
3/9/2006,4.36
3/10/2006,4.37
3/13/2006,4.36
3/14/2006,4.41
3/15/2006,4.42
3/16/2006,4.41
3/17/2006,4.42
3/20/2006,4.47
3/21/2006,4.59
3/22/2006,4.59
3/23/2006,4.58
3/24/2006,4.58
3/27/2006,4.6
3/28/2006,4.63
3/29/2006,4.61
3/30/2006,4.59
3/31/2006,4.57
4/3/2006,4.58
4/4/2006,4.56
4/5/2006,4.54
4/6/2006,4.57
4/7/2006,4.56
4/10/2006,4.56
4/11/2006,4.55
4/12/2006,4.54
4/13/2006,4.46
4/17/2006,4.46
4/18/2006,4.46
4/19/2006,4.46
4/20/2006,4.47
4/21/2006,4.49
4/24/2006,4.49
4/25/2006,4.55
4/26/2006,4.57
4/27/2006,4.56
4/28/2006,4.51
5/1/2006,4.51
5/2/2006,4.58
5/3/2006,4.56
5/4/2006,4.52
5/5/2006,4.52
5/8/2006,4.53
5/9/2006,4.64
5/10/2006,4.6
5/11/2006,4.55
5/12/2006,4.55
5/15/2006,4.58
5/16/2006,4.68
5/17/2006,4.67
5/18/2006,4.67
5/19/2006,4.67
5/22/2006,4.65
5/23/2006,4.67
5/24/2006,4.66
5/25/2006,4.66
5/26/2006,4.67
5/30/2006,4.67
5/31/2006,4.67
6/1/2006,4.67
6/2/2006,4.67
6/5/2006,4.68
6/6/2006,4.72
6/7/2006,4.71
6/8/2006,4.7
6/9/2006,4.7
6/12/2006,4.68
6/13/2006,4.64
6/14/2006,4.6
6/15/2006,4.51
6/16/2006,4.54
6/19/2006,4.57
6/20/2006,4.62
6/21/2006,4.58
6/22/2006,4.46
6/23/2006,4.51
6/26/2006,4.62
6/27/2006,4.78
6/28/2006,4.7
6/29/2006,4.59
6/30/2006,4.43
7/3/2006,4.55
7/5/2006,4.72
7/6/2006,4.71
7/7/2006,4.74
7/10/2006,4.75
7/11/2006,4.81
7/12/2006,4.83
7/13/2006,4.79
7/14/2006,4.77
7/17/2006,4.8
7/18/2006,4.85
7/19/2006,4.82
7/20/2006,4.77
7/21/2006,4.78
7/24/2006,4.8
7/25/2006,4.92
7/26/2006,4.91
7/27/2006,4.93
7/28/2006,4.89
7/31/2006,4.93
8/1/2006,5.11
8/2/2006,5.11
8/3/2006,5.1
8/4/2006,5.07
8/7/2006,5.1
8/8/2006,5.1
8/9/2006,5.05
8/10/2006,5.04
8/11/2006,5.04
8/14/2006,5.07
8/15/2006,5.09
8/16/2006,5.07
8/17/2006,5.07
8/18/2006,5.05
8/21/2006,5.07
8/22/2006,5.08
8/23/2006,5.08
8/24/2006,5.08
8/25/2006,5.09
8/28/2006,5.1
8/29/2006,5.1
8/30/2006,5.08
8/31/2006,5.03
9/1/2006,4.99
9/5/2006,4.88
9/6/2006,4.8
9/7/2006,4.8
9/8/2006,4.75
9/11/2006,4.76
9/12/2006,4.67
9/13/2006,4.69
9/14/2006,4.72
9/15/2006,4.68
9/18/2006,4.66
9/19/2006,4.64
9/20/2006,4.64
9/21/2006,4.63
9/22/2006,4.64
9/25/2006,4.62
9/26/2006,4.56
9/27/2006,4.51
9/28/2006,4.44
9/29/2006,4.5
10/2/2006,4.56
10/3/2006,4.62
10/4/2006,4.69
10/5/2006,4.72
10/6/2006,4.66
10/10/2006,4.7
10/11/2006,4.81
10/12/2006,4.84
10/13/2006,4.84
10/16/2006,4.92
10/17/2006,4.97
10/18/2006,4.96
10/19/2006,4.93
10/20/2006,4.91
10/23/2006,4.96
10/24/2006,5.06
10/25/2006,5.05
10/26/2006,5.07
10/27/2006,5.06
10/30/2006,5.07
10/31/2006,5.09
11/1/2006,5.1
11/2/2006,5.1
11/3/2006,5.1
11/6/2006,5.1
11/7/2006,5.11
11/8/2006,5.11
11/9/2006,5.11
11/10/2006,5.12
11/13/2006,5.1
11/14/2006,5.15
11/15/2006,5.15
11/16/2006,5.14
11/17/2006,5.11
11/20/2006,5.12
11/21/2006,5.17
11/22/2006,5.16
11/24/2006,5.14
11/27/2006,5.16
11/28/2006,5.18
11/29/2006,5.17
11/30/2006,5.14
12/1/2006,5.14
12/4/2006,5.07
12/5/2006,4.79
12/6/2006,4.82
12/7/2006,4.83
12/8/2006,4.8
12/11/2006,4.76
12/12/2006,4.78
12/13/2006,4.77
12/14/2006,4.78
12/15/2006,4.69
12/18/2006,4.7
12/19/2006,4.75
12/20/2006,4.78
12/21/2006,4.75
12/22/2006,4.73
12/26/2006,4.7
12/27/2006,4.66
12/28/2006,4.64
12/29/2006,4.65
1/2/2007,4.66
1/3/2007,4.75
1/4/2007,4.7
1/5/2007,4.71
1/8/2007,4.75
1/9/2007,4.81
1/10/2007,4.85
1/11/2007,4.89
1/12/2007,4.89
1/16/2007,4.9
1/17/2007,4.92
1/18/2007,4.87
1/19/2007,4.86
1/22/2007,4.87
1/23/2007,4.93
1/24/2007,4.9
1/25/2007,4.87
1/26/2007,4.84
1/29/2007,4.84
1/30/2007,4.9
1/31/2007,4.91
2/1/2007,4.9
2/2/2007,4.92
2/5/2007,4.97
2/6/2007,5.05
2/7/2007,5.06
2/8/2007,5.06
2/9/2007,5.06
2/12/2007,5.07
2/13/2007,5.15
2/14/2007,5.14
2/15/2007,5.14
2/16/2007,5.14
2/20/2007,5.15
2/21/2007,5.18
2/22/2007,5.17
2/23/2007,5.16
2/26/2007,5.15
2/27/2007,5.13
2/28/2007,5.13
3/1/2007,5.15
3/2/2007,5.14
3/5/2007,5.14
3/6/2007,5.15
3/7/2007,5.14
3/8/2007,5.14
3/9/2007,5.13
3/12/2007,5.14
3/13/2007,5.14
3/14/2007,5.14
3/15/2007,5.12
3/16/2007,5.09
3/19/2007,5.09
3/20/2007,5.13
3/21/2007,5.14
3/22/2007,5.14
3/23/2007,5.15
3/26/2007,5.14
3/27/2007,5.11
3/28/2007,5.08
3/29/2007,4.95
3/30/2007,4.97
4/2/2007,5.03
4/3/2007,5.06
4/4/2007,5.06
4/5/2007,5
4/6/2007,5
4/9/2007,4.99
4/10/2007,4.91
4/11/2007,4.91
4/12/2007,4.9
4/13/2007,4.88
4/16/2007,4.87
4/17/2007,4.85
4/18/2007,4.84
4/19/2007,4.83
4/20/2007,4.83
4/23/2007,4.83
4/24/2007,4.83
4/25/2007,4.84
4/26/2007,4.81
4/27/2007,4.75
4/30/2007,4.69
5/1/2007,4.59
5/2/2007,4.62
5/3/2007,4.64
5/4/2007,4.64
5/7/2007,4.65
5/8/2007,4.66
5/9/2007,4.65
5/10/2007,4.67
5/11/2007,4.65
5/14/2007,4.61
5/15/2007,4.69
5/16/2007,4.64
5/17/2007,4.7
5/18/2007,4.69
5/21/2007,4.76
5/22/2007,4.91
5/23/2007,4.9
5/24/2007,4.9
5/25/2007,4.88
5/29/2007,4.87
5/30/2007,4.85
5/31/2007,4.69
6/1/2007,4.71
6/4/2007,4.69
6/5/2007,4.66
6/6/2007,4.68
6/7/2007,4.7
6/8/2007,4.67
6/11/2007,4.61
6/12/2007,4.56
6/13/2007,4.53
6/14/2007,4.42
6/15/2007,4.37
6/18/2007,4.37
6/19/2007,4.35
6/20/2007,4.33
6/21/2007,4.07
6/22/2007,4.18
6/25/2007,4.3
6/26/2007,4.44
6/27/2007,4.15
6/28/2007,3.97
6/29/2007,4.16
7/2/2007,4.4
7/3/2007,4.67
7/5/2007,4.65
7/6/2007,4.6
7/9/2007,4.54
7/10/2007,4.64
7/11/2007,4.63
7/12/2007,4.62
7/13/2007,4.61
7/16/2007,4.62
7/17/2007,4.67
7/18/2007,4.67
7/19/2007,4.67
7/20/2007,4.65
7/23/2007,4.76
7/24/2007,4.95
7/25/2007,4.94
7/26/2007,4.89
7/27/2007,4.8
7/30/2007,4.85
7/31/2007,5.03
8/1/2007,4.96
8/2/2007,4.93
8/3/2007,4.85
8/6/2007,4.83
8/7/2007,4.95
8/8/2007,4.94
8/9/2007,4.6
8/10/2007,4.28
8/13/2007,4.51
8/14/2007,4.53
8/15/2007,4.1
8/16/2007,3.03
8/17/2007,2.91
8/20/2007,2.35
8/21/2007,3.1
8/22/2007,3.04
8/23/2007,3.71
8/24/2007,4.16
8/27/2007,4.67
8/28/2007,4.51
8/29/2007,3.94
8/30/2007,3.62
8/31/2007,3.95
9/4/2007,4.48
9/5/2007,4.32
9/6/2007,4.2
9/7/2007,3.95
9/10/2007,3.86
9/11/2007,4.05
9/12/2007,3.92
9/13/2007,3.96
9/14/2007,3.77
9/17/2007,3.71
9/18/2007,3.8
9/19/2007,3.54
9/20/2007,3.38
9/21/2007,3.15
9/24/2007,3.22
9/25/2007,3.28
9/26/2007,3.18
9/27/2007,3.22
9/28/2007,3.34
10/1/2007,3.39
10/2/2007,3.55
10/3/2007,3.59
10/4/2007,3.54
10/5/2007,3.48
10/9/2007,3.59
10/10/2007,3.73
10/11/2007,3.9
10/12/2007,4.04
10/15/2007,4.16
10/16/2007,4.06
10/17/2007,3.66
10/18/2007,3.12
10/19/2007,3.35
10/22/2007,3.58
10/23/2007,3.9
10/24/2007,3.76
10/25/2007,3.84
10/26/2007,3.9
10/29/2007,3.88
10/30/2007,3.95
10/31/2007,3.93
11/1/2007,3.83
11/2/2007,3.67
11/5/2007,3.81
11/6/2007,3.91
11/7/2007,3.71
11/8/2007,3.5
11/9/2007,3.37
11/13/2007,3.71
11/14/2007,3.8
11/15/2007,3.69
11/16/2007,3.74
11/19/2007,3.72
11/20/2007,3.58
11/21/2007,3.48
11/23/2007,3.61
11/26/2007,3.53
11/27/2007,3.61
11/28/2007,3.47
11/29/2007,3.34
11/30/2007,3.6
12/3/2007,3.57
12/4/2007,3.1
12/5/2007,3.1
12/6/2007,3.03
12/7/2007,2.98
12/10/2007,2.99
12/11/2007,2.84
12/12/2007,2.84
12/13/2007,2.64
12/14/2007,2.55
12/17/2007,2.69
12/18/2007,2.7
12/19/2007,2.6
12/20/2007,2.34
12/21/2007,2.35
12/24/2007,2.61
12/26/2007,2.97
12/27/2007,2.78
12/28/2007,2.47
12/31/2007,2.61
1/2/2008,3.02
1/3/2008,3.13
1/4/2008,3.16
1/7/2008,3.21
1/8/2008,3.25
1/9/2008,3.28
1/10/2008,3.32
1/11/2008,3.18
1/14/2008,3.14
1/15/2008,3.09
1/16/2008,3.08
1/17/2008,3.01
1/18/2008,2.56
1/22/2008,2.08
1/23/2008,2.03
1/24/2008,2.14
1/25/2008,2.01
1/28/2008,2.05
1/29/2008,2.09
1/30/2008,1.89
1/31/2008,1.6
2/1/2008,1.7
2/4/2008,2.1
2/5/2008,2.18
2/6/2008,2.08
2/7/2008,2.15
2/8/2008,2.2
2/11/2008,2.31
2/12/2008,2.5
2/13/2008,2.45
2/14/2008,2.46
2/15/2008,2.36
2/19/2008,2.34
2/20/2008,2.36
2/21/2008,2.31
2/22/2008,2.29
2/25/2008,2.31
2/26/2008,2.3
2/27/2008,2.17
2/28/2008,2.05
2/29/2008,2.04
3/3/2008,2.01
3/4/2008,1.99
3/5/2008,1.9
3/6/2008,1.73
3/7/2008,1.65
3/10/2008,1.66
3/11/2008,1.8
3/12/2008,1.67
3/13/2008,1.55
3/14/2008,1.18
3/17/2008,1.15
3/18/2008,0.7
3/19/2008,0.25
3/20/2008,0.35
3/24/2008,0.58
3/25/2008,1.45
3/26/2008,1.34
3/27/2008,1.3
3/28/2008,1.27
3/31/2008,1.18
4/1/2008,1.53
4/2/2008,1.53
4/3/2008,1.55
4/4/2008,1.49
4/7/2008,1.4
4/8/2008,1.32
4/9/2008,1.04
4/10/2008,0.95
4/11/2008,0.87
4/14/2008,0.82
4/15/2008,0.83
4/16/2008,0.84
4/17/2008,0.84
4/18/2008,0.86
4/21/2008,0.83
4/22/2008,0.71
4/23/2008,0.76
4/24/2008,0.78
4/25/2008,0.76
4/28/2008,0.86
4/29/2008,1.26
4/30/2008,1.15
5/1/2008,1.2
5/2/2008,1.21
5/5/2008,1.3
5/6/2008,1.51
5/7/2008,1.54
5/8/2008,1.52
5/9/2008,1.57
5/12/2008,1.7
5/13/2008,1.83
5/14/2008,1.83
5/15/2008,1.81
5/16/2008,1.82
5/19/2008,1.92
5/20/2008,1.94
5/21/2008,1.93
5/22/2008,1.95
5/23/2008,1.9
5/27/2008,1.89
5/28/2008,2.05
5/29/2008,2
5/30/2008,1.96
6/2/2008,1.92
6/3/2008,1.93
6/4/2008,1.82
6/5/2008,1.76
6/6/2008,1.72
6/9/2008,1.77
6/10/2008,1.97
6/11/2008,1.88
6/12/2008,1.89
6/13/2008,1.83
6/16/2008,1.85
6/17/2008,1.79
6/18/2008,1.67
6/19/2008,1.56
6/20/2008,1.45
6/23/2008,1.49
6/24/2008,1.56
6/25/2008,1.46
6/26/2008,1.39
6/27/2008,1.25
6/30/2008,1.54
7/1/2008,1.89
7/2/2008,1.84
7/3/2008,1.83
7/7/2008,1.77
7/8/2008,1.83
7/9/2008,1.79
7/10/2008,1.45
7/11/2008,1.35
7/14/2008,1.39
7/15/2008,1.47
7/16/2008,1.34
7/17/2008,1.29
7/18/2008,1.25
7/21/2008,1.29
7/22/2008,1.48
7/23/2008,1.57
7/24/2008,1.67
7/25/2008,1.7
7/28/2008,1.65
7/29/2008,1.7
7/30/2008,1.64
7/31/2008,1.52
8/1/2008,1.49
8/4/2008,1.57
8/5/2008,1.7
8/6/2008,1.5
8/7/2008,1.5
8/8/2008,1.6
8/11/2008,1.73
8/12/2008,1.7
8/13/2008,1.77
8/14/2008,1.73
8/15/2008,1.7
8/18/2008,1.74
8/19/2008,1.8
8/20/2008,1.72
8/21/2008,1.71
8/22/2008,1.65
8/25/2008,1.63
8/26/2008,1.65
8/27/2008,1.56
8/28/2008,1.6
8/29/2008,1.6
9/2/2008,1.61
9/3/2008,1.54
9/4/2008,1.53
9/5/2008,1.5
9/8/2008,1.56
9/9/2008,1.57
9/10/2008,1.56
9/11/2008,1.51
9/12/2008,1.35
9/15/2008,0.28
9/16/2008,0.23
9/17/2008,0.07
9/18/2008,0.26
9/19/2008,0.73
9/22/2008,0.69
9/23/2008,0.3
9/24/2008,0.12
9/25/2008,0.38
9/26/2008,0.17
9/29/2008,0.06
9/30/2008,1.01
10/1/2008,0.65
10/2/2008,0.19
10/3/2008,0.13
10/6/2008,0.15
10/7/2008,0.38
10/8/2008,0.21
10/9/2008,0.17
10/10/2008,0.06
10/14/2008,0.05
10/15/2008,0.05
10/16/2008,0.1
10/17/2008,0.07
10/20/2008,0.42
10/21/2008,0.69
10/22/2008,0.57
10/23/2008,0.35
10/24/2008,0.28
10/27/2008,0.23
10/28/2008,0.41
10/29/2008,0.4
10/30/2008,0.13
10/31/2008,0.11
11/3/2008,0.18
11/4/2008,0.29
11/5/2008,0.15
11/6/2008,0.13
11/7/2008,0.12
11/10/2008,0.1
11/12/2008,0.1
11/13/2008,0.08
11/14/2008,0.06
11/17/2008,0.06
11/18/2008,0.1
11/19/2008,0.09
11/20/2008,0.05
11/21/2008,0.03
11/24/2008,0.01
11/25/2008,0.04
11/26/2008,0.02
11/28/2008,0.02
12/1/2008,0.09
12/2/2008,0.04
12/3/2008,0.02
12/4/2008,0.01
12/5/2008,0.02
12/8/2008,0.01
12/9/2008,0.04
12/10/2008,0
12/11/2008,-0.01
12/12/2008,0.03
12/15/2008,0
12/16/2008,0.05
12/17/2008,0.03
12/18/2008,0.03
12/19/2008,-0.01
12/22/2008,0.01
12/23/2008,0.01
12/24/2008,0
12/26/2008,0.01
12/29/2008,0.04
12/30/2008,0.11
12/31/2008,0.11
1/2/2009,0.04
1/5/2009,0.04
1/6/2009,0.05
1/7/2009,0.03
1/8/2009,0.04
1/9/2009,0.03
1/12/2009,0.03
1/13/2009,0.02
1/14/2009,0.07
1/15/2009,0.03
1/16/2009,0.04
1/20/2009,0.03
1/21/2009,0.03
1/22/2009,0.03
1/23/2009,0.03
1/26/2009,0.01
1/27/2009,0.05
1/28/2009,0.08
1/29/2009,0.14
1/30/2009,0.14
2/2/2009,0.18
2/3/2009,0.28
2/4/2009,0.26
2/5/2009,0.21
2/6/2009,0.21
2/9/2009,0.21
2/10/2009,0.24
2/11/2009,0.22
2/12/2009,0.25
2/13/2009,0.23
2/17/2009,0.25
2/18/2009,0.23
2/19/2009,0.22
2/20/2009,0.19
2/23/2009,0.18
2/24/2009,0.22
2/25/2009,0.21
2/26/2009,0.18
2/27/2009,0.16
3/2/2009,0.15
3/3/2009,0.14
3/4/2009,0.14
3/5/2009,0.1
3/6/2009,0.08
3/9/2009,0.11
3/10/2009,0.14
3/11/2009,0.14
3/12/2009,0.1
3/13/2009,0.08
3/16/2009,0.09
3/17/2009,0.14
3/18/2009,0.15
3/19/2009,0.09
3/20/2009,0.08
3/23/2009,0.08
3/24/2009,0.05
3/25/2009,0.02
3/26/2009,0.01
3/27/2009,0.02
3/30/2009,0.04
3/31/2009,0.17
4/1/2009,0.18
4/2/2009,0.17
4/3/2009,0.16
4/6/2009,0.16
4/7/2009,0.17
4/8/2009,0.15
4/9/2009,0.13
4/13/2009,0.12
4/14/2009,0.09
4/15/2009,0.07
4/16/2009,0.02
4/17/2009,0.04
4/20/2009,0.03
4/21/2009,0.07
4/22/2009,0.08
4/23/2009,0.08
4/24/2009,0.07
4/27/2009,0.07
4/28/2009,0.05
4/29/2009,0.04
4/30/2009,0.04
5/1/2009,0.05
5/4/2009,0.13
5/5/2009,0.14
5/6/2009,0.14
5/7/2009,0.15
5/8/2009,0.15
5/11/2009,0.16
5/12/2009,0.16
5/13/2009,0.15
5/14/2009,0.1
5/15/2009,0.11
5/18/2009,0.11
5/19/2009,0.14
5/20/2009,0.18
5/21/2009,0.13
5/22/2009,0.13
5/26/2009,0.12
5/27/2009,0.18
5/28/2009,0.14
5/29/2009,0.14
6/1/2009,0.13
6/2/2009,0.06
6/3/2009,0.08
6/4/2009,0.08
6/5/2009,0.07
6/8/2009,0.07
6/9/2009,0.09
6/10/2009,0.11
6/11/2009,0.09
6/12/2009,0.07
6/15/2009,0.07
6/16/2009,0.09
6/17/2009,0.11
6/18/2009,0.12
6/19/2009,0.1
6/22/2009,0.11
6/23/2009,0.15
6/24/2009,0.1
6/25/2009,0.06
6/26/2009,0.06
6/29/2009,0.1
6/30/2009,0.17
7/1/2009,0.13
7/2/2009,0.15
7/6/2009,0.15
7/7/2009,0.16
7/8/2009,0.15
7/9/2009,0.16
7/10/2009,0.15
7/13/2009,0.15
7/14/2009,0.15
7/15/2009,0.11
7/16/2009,0.15
7/17/2009,0.15
7/20/2009,0.15
7/21/2009,0.16
7/22/2009,0.15
7/23/2009,0.15
7/24/2009,0.15
7/27/2009,0.14
7/28/2009,0.14
7/29/2009,0.14
7/30/2009,0.14
7/31/2009,0.14
8/3/2009,0.14
8/4/2009,0.15
8/5/2009,0.15
8/6/2009,0.15
8/7/2009,0.14
8/10/2009,0.14
8/11/2009,0.14
8/12/2009,0.14
8/13/2009,0.1
8/14/2009,0.09
8/17/2009,0.1
8/18/2009,0.14
8/19/2009,0.1
8/20/2009,0.11
8/21/2009,0.1
8/24/2009,0.1
8/25/2009,0.12
8/26/2009,0.11
8/27/2009,0.11
8/28/2009,0.11
8/31/2009,0.11
9/1/2009,0.08
9/2/2009,0.09
9/3/2009,0.09
9/4/2009,0.09
9/8/2009,0.09
9/9/2009,0.09
9/10/2009,0.08
9/11/2009,0.08
9/14/2009,0.07
9/15/2009,0.05
9/16/2009,0.03
9/17/2009,0.03
9/18/2009,0.03
9/21/2009,0.04
9/22/2009,0.05
9/23/2009,0.05
9/24/2009,0.03
9/25/2009,0.03
9/28/2009,0.02
9/29/2009,0.07
9/30/2009,0.06
10/1/2009,0.03
10/2/2009,0.03
10/5/2009,0.03
10/6/2009,0.05
10/7/2009,0.06
10/8/2009,0.03
10/9/2009,0.04
10/13/2009,0.04
10/14/2009,0.05
10/15/2009,0.06
10/16/2009,0.06
10/19/2009,0.06
10/20/2009,0.05
10/21/2009,0.05
10/22/2009,0.02
10/23/2009,0.02
10/26/2009,0.04
10/27/2009,0.05
10/28/2009,0.04
10/29/2009,0.02
10/30/2009,0.01
11/2/2009,0.03
11/3/2009,0.04
11/4/2009,0.05
11/5/2009,0.06
11/6/2009,0.06
11/9/2009,0.06
11/10/2009,0.06
11/12/2009,0.06
11/13/2009,0.05
11/16/2009,0.05
11/17/2009,0.05
11/18/2009,0.04
11/19/2009,0.03
11/20/2009,0.04
11/23/2009,0.05
11/24/2009,0.06
11/25/2009,0.07
11/27/2009,0.06
11/30/2009,0.08
12/1/2009,0.09
12/2/2009,0.08
12/3/2009,0.09
12/4/2009,0.08
12/7/2009,0.08
12/8/2009,0.02
12/9/2009,0.01
12/10/2009,0.01
12/11/2009,0.01
12/14/2009,0.02
12/15/2009,0.02
12/16/2009,0.02
12/17/2009,0.01
12/18/2009,0.01
12/21/2009,N/A
12/22/2009,0.01
12/23/2009,0.01
12/24/2009,0.02
12/28/2009,0.02
12/29/2009,0.02
12/30/2009,0.02
12/31/2009,0.04
1/4/2010,0.05
1/5/2010,0.03
1/6/2010,0.03
1/7/2010,0.02
1/8/2010,0.02
1/11/2010,0.01
1/12/2010,0.02
1/13/2010,0.02
1/14/2010,0.02
1/15/2010,0.03
1/19/2010,0.03
1/20/2010,0.03
1/21/2010,0.02
1/22/2010,0.02
1/25/2010,0.02
1/26/2010,0.02
1/27/2010,0.01
1/28/2010,0.01
1/29/2010,0.02
2/1/2010,0.05
2/2/2010,0.04
2/3/2010,0.05
2/4/2010,0.04
2/5/2010,0.03
2/8/2010,0.03
2/9/2010,0.05
2/10/2010,0.06
2/11/2010,0.05
2/12/2010,0.04
2/16/2010,0.04
2/17/2010,0.07
2/18/2010,0.07
2/19/2010,0.06
2/22/2010,0.06
2/23/2010,0.08
2/24/2010,0.08
2/25/2010,0.09
2/26/2010,0.09
3/1/2010,0.08
3/2/2010,0.09
3/3/2010,0.09
3/4/2010,0.09
3/5/2010,0.1
3/8/2010,0.1
3/9/2010,0.12
3/10/2010,0.12
3/11/2010,0.12
3/12/2010,0.1
3/15/2010,0.11
3/16/2010,0.14
3/17/2010,0.13
3/18/2010,0.14
3/19/2010,0.13
3/22/2010,0.13
3/23/2010,0.11
3/24/2010,0.12
3/25/2010,0.12
3/26/2010,0.11
3/29/2010,0.11
3/30/2010,0.13
3/31/2010,0.15
4/1/2010,0.16
4/2/2010,0.15
4/5/2010,0.16
4/6/2010,0.17
4/7/2010,0.16
4/8/2010,0.16
4/9/2010,0.16
4/12/2010,0.15
4/13/2010,0.15
4/14/2010,0.15
4/15/2010,0.16
4/16/2010,0.15
4/19/2010,0.15
4/20/2010,0.14
4/21/2010,0.14
4/22/2010,0.15
4/23/2010,0.14
4/26/2010,0.14
4/27/2010,0.14
4/28/2010,0.14
4/29/2010,0.15
4/30/2010,0.14
5/3/2010,0.14
5/4/2010,0.15
5/5/2010,0.14
5/6/2010,0.06
5/7/2010,0.08
5/10/2010,0.13
5/11/2010,0.15
5/12/2010,0.16
5/13/2010,0.15
5/14/2010,0.15
5/17/2010,0.16
5/18/2010,0.17
5/19/2010,0.17
5/20/2010,0.17
5/21/2010,0.17
5/24/2010,0.16
5/25/2010,0.16
5/26/2010,0.16
5/27/2010,0.16
5/28/2010,0.15
6/1/2010,0.14
6/2/2010,0.13
6/3/2010,0.13
6/4/2010,0.12
6/7/2010,0.1
6/8/2010,0.1
6/9/2010,0.08
6/10/2010,0.06
6/11/2010,0.04
6/14/2010,0.02
6/15/2010,0.03
6/16/2010,0.06
6/17/2010,0.05
6/18/2010,0.04
6/21/2010,0.04
6/22/2010,0.08
6/23/2010,0.07
6/24/2010,0.07
6/25/2010,0.04
6/28/2010,0.06
6/29/2010,0.09
6/30/2010,0.17
7/1/2010,0.16
7/2/2010,0.16
7/6/2010,0.17
7/7/2010,0.17
7/8/2010,0.17
7/9/2010,0.16
7/12/2010,0.16
7/13/2010,0.16
7/14/2010,0.16
7/15/2010,0.16
7/16/2010,0.14
7/19/2010,0.15
7/20/2010,0.16
7/21/2010,0.16
7/22/2010,0.15
7/23/2010,0.15
7/26/2010,0.15
7/27/2010,0.16
7/28/2010,0.15
7/29/2010,0.15
7/30/2010,0.14
8/2/2010,0.14
8/3/2010,0.15
8/4/2010,0.15
8/5/2010,0.15
8/6/2010,0.14
8/9/2010,0.14
8/10/2010,0.15
8/11/2010,0.15
8/12/2010,0.15
8/13/2010,0.14
8/16/2010,0.15
8/17/2010,0.16
8/18/2010,0.16
8/19/2010,0.16
8/20/2010,0.15
8/23/2010,0.15
8/24/2010,0.17
8/25/2010,0.17
8/26/2010,0.17
8/27/2010,0.17
8/30/2010,0.16
8/31/2010,0.16
9/1/2010,0.16
9/2/2010,0.15
9/3/2010,0.15
9/7/2010,0.13
9/8/2010,0.1
9/9/2010,0.1
9/10/2010,0.1
9/13/2010,0.09
9/14/2010,0.11
9/15/2010,0.11
9/16/2010,0.12
9/17/2010,0.12
9/20/2010,0.11
9/21/2010,0.12
9/22/2010,0.12
9/23/2010,0.13
9/24/2010,0.09
9/27/2010,0.07
9/28/2010,0.08
9/29/2010,0.12
9/30/2010,0.14
10/1/2010,0.15
10/4/2010,0.15
10/5/2010,0.14
10/6/2010,0.14
10/7/2010,0.15
10/8/2010,0.14
10/11/2010,N/A
10/12/2010,0.14
10/13/2010,0.14
10/14/2010,0.15
10/15/2010,0.14
10/18/2010,0.14
10/19/2010,0.14
10/20/2010,0.14
10/21/2010,0.13
10/22/2010,0.13
10/25/2010,0.13
10/26/2010,0.14
10/27/2010,0.14
10/28/2010,0.14
10/29/2010,0.14
11/1/2010,0.14
11/2/2010,0.13
11/3/2010,0.13
11/4/2010,0.13
11/5/2010,0.13
11/8/2010,0.12
11/9/2010,0.11
11/10/2010,0.12
11/12/2010,0.11
11/15/2010,0.12
11/16/2010,0.13
11/17/2010,0.13
11/18/2010,0.13
11/19/2010,0.12
11/22/2010,0.12
11/23/2010,0.15
11/24/2010,0.16
11/26/2010,0.16
11/29/2010,0.16
11/30/2010,0.18
12/1/2010,0.17
12/2/2010,0.16
12/3/2010,0.14
12/6/2010,0.14
12/7/2010,0.08
12/8/2010,0.08
12/9/2010,0.09
12/10/2010,0.09
12/13/2010,0.09
12/14/2010,0.09
12/15/2010,0.08
12/16/2010,0.08
12/17/2010,0.05
12/20/2010,0.02
12/21/2010,0.09
12/22/2010,0.07
12/23/2010,0.06
12/27/2010,0.04
12/28/2010,0.08
12/29/2010,0.05
12/30/2010,0.05
12/31/2010,0.06
1/3/2011,0.1
1/4/2011,0.12
1/5/2011,0.13
1/6/2011,0.13
1/7/2011,0.13
1/10/2011,0.14
1/11/2011,0.15
1/12/2011,0.15
1/13/2011,0.15
1/14/2011,0.14
1/18/2011,0.15
1/19/2011,0.16
1/20/2011,0.15
1/21/2011,0.15
1/24/2011,0.15
1/25/2011,0.15
1/26/2011,0.15
1/27/2011,0.13
1/28/2011,0.13
1/31/2011,0.15
2/1/2011,0.16
2/2/2011,0.15
2/3/2011,0.14
2/4/2011,0.13
2/7/2011,0.13
2/8/2011,0.14
2/9/2011,0.11
2/10/2011,0.08
2/11/2011,0.08
2/14/2011,0.09
2/15/2011,0.11
2/16/2011,0.1
2/17/2011,0.08
2/18/2011,0.08
2/22/2011,0.1
2/23/2011,0.12
2/24/2011,0.13
2/25/2011,0.12
2/28/2011,0.13
3/1/2011,0.07
3/2/2011,0.12
3/3/2011,0.12
3/4/2011,0.11
3/7/2011,0.1
3/8/2011,0.07
3/9/2011,0.07
3/10/2011,0.04
3/11/2011,0.04
3/14/2011,0.05
3/15/2011,0.07
3/16/2011,0.06
3/17/2011,0.06
3/18/2011,0.06
3/21/2011,0.06
3/22/2011,0.07
3/23/2011,0.06
3/24/2011,0.04
3/25/2011,0.04
3/28/2011,0.03
3/29/2011,0.06
3/30/2011,0.03
3/31/2011,0.05
4/1/2011,0.03
4/4/2011,0.02
4/5/2011,0.05
4/6/2011,0.03
4/7/2011,0.03
4/8/2011,0.02
4/11/2011,0.02
4/12/2011,0.02
4/13/2011,0.03
4/14/2011,0.04
4/15/2011,0.04
4/18/2011,0.03
4/19/2011,0.04
4/20/2011,0.04
4/21/2011,0.03
4/25/2011,0.03
4/26/2011,0.02
4/27/2011,0.03
4/28/2011,0.02
4/29/2011,0.02
5/2/2011,0.02
5/3/2011,0.02
5/4/2011,0.02
5/5/2011,0.01
5/6/2011,0.02
5/9/2011,0.01
5/10/2011,0.02
5/11/2011,0.01
5/12/2011,0.01
5/13/2011,0.01
5/16/2011,0.02
5/17/2011,0.03
5/18/2011,0.03
5/19/2011,0.02
5/20/2011,0.03
5/23/2011,0.03
5/24/2011,0.04
5/25/2011,0.04
5/26/2011,0.04
5/27/2011,0.04
5/31/2011,0.04
6/1/2011,0.04
6/2/2011,0.04
6/3/2011,0.04
6/6/2011,0.03
6/7/2011,0.01
6/8/2011,0.01
6/9/2011,0.02
6/10/2011,0.02
6/13/2011,0.02
6/14/2011,0.03
6/15/2011,0.02
6/16/2011,0.02
6/17/2011,0.02
6/20/2011,0.02
6/21/2011,0.01
6/22/2011,0.01
6/23/2011,0.01
6/24/2011,0.01
6/27/2011,0.01
6/28/2011,0.01
6/29/2011,0.01
6/30/2011,0.01
7/1/2011,0.01
7/5/2011,0.01
7/6/2011,0.01
7/7/2011,0.03
7/8/2011,0.03
7/11/2011,0.02
7/12/2011,0.01
7/13/2011,0.01
7/14/2011,0.01
7/15/2011,0.02
7/18/2011,0.01
7/19/2011,0.02
7/20/2011,0.01
7/21/2011,0.04
7/22/2011,0.05
7/25/2011,0.05
7/26/2011,0.07
7/27/2011,0.08
7/28/2011,0.1
7/29/2011,0.17
8/1/2011,0.14
8/2/2011,0.05
8/3/2011,0.01
8/4/2011,0.01
8/5/2011,0.01
8/8/2011,0.02
8/9/2011,0.02
8/10/2011,0.02
8/11/2011,0.01
8/12/2011,0.01
8/15/2011,0
8/16/2011,0.02
8/17/2011,0.01
8/18/2011,0.01
8/19/2011,0
8/22/2011,0.01
8/23/2011,0.01
8/24/2011,0.02
8/25/2011,0.01
8/26/2011,0
8/29/2011,0
8/30/2011,0.01
8/31/2011,0.01
9/1/2011,0.02
9/2/2011,0.02
9/6/2011,0.02
9/7/2011,0
9/8/2011,0.01
9/9/2011,0
9/12/2011,0.01
9/13/2011,0
9/14/2011,0
9/15/2011,0
9/16/2011,0.01
9/19/2011,-0.01
9/20/2011,0
9/21/2011,0.01
9/22/2011,0
9/23/2011,0
9/26/2011,0
9/27/2011,0
9/28/2011,-0.01
9/29/2011,-0.01
9/30/2011,0.02
10/3/2011,0.01
10/4/2011,0.01
10/5/2011,0
10/6/2011,0.01
10/7/2011,0.01
10/11/2011,0.01
10/12/2011,0.01
10/13/2011,0.02
10/14/2011,0.02
10/17/2011,0.02
10/18/2011,0.02
10/19/2011,0.01
10/20/2011,0.02
10/21/2011,0.01
10/24/2011,0.01
10/25/2011,0.01
10/26/2011,0.01
10/27/2011,0.02
10/28/2011,0.02
10/31/2011,0.02
11/1/2011,0.01
11/2/2011,0.01
11/3/2011,0.01
11/4/2011,0.01
11/7/2011,0.01
11/8/2011,0.01
11/9/2011,0.01
11/10/2011,0.01
11/14/2011,0.01
11/15/2011,0.01
11/16/2011,0.01
11/17/2011,0.01
11/18/2011,0.02
11/21/2011,0.02
11/22/2011,0.02
11/23/2011,0.02
11/25/2011,0.02
11/28/2011,0.02
11/29/2011,0.02
11/30/2011,0.02
12/1/2011,0.02
12/2/2011,0.02
12/5/2011,0.01
12/6/2011,-0.01
12/7/2011,-0.01
12/8/2011,0
12/9/2011,0
12/12/2011,0
12/13/2011,0
12/14/2011,0
12/15/2011,0
12/16/2011,0
12/19/2011,-0.01
12/20/2011,0
12/21/2011,-0.01
12/22/2011,0
12/23/2011,0
12/27/2011,0.01
12/28/2011,0
12/29/2011,-0.01
12/30/2011,0.01
1/3/2012,0.01
1/4/2012,0.01
1/5/2012,0.01
1/6/2012,0.02
1/9/2012,0.01
1/10/2012,0.01
1/11/2012,0.01
1/12/2012,0.02
1/13/2012,0.02
1/17/2012,0.02
1/18/2012,0.02
1/19/2012,0.04
1/20/2012,0.03
1/23/2012,0.03
1/24/2012,0.02
1/25/2012,0.03
1/26/2012,0.04
1/27/2012,0.05
1/30/2012,0.05
1/31/2012,0.04
2/1/2012,0.05
2/2/2012,0.07
2/3/2012,0.06
2/6/2012,0.04
2/7/2012,0.06
2/8/2012,0.06
2/9/2012,0.06
2/10/2012,0.05
2/13/2012,0.05
2/14/2012,0.09
2/15/2012,0.09
2/16/2012,0.04
2/17/2012,0.03
2/21/2012,0.02
2/22/2012,0.07
2/23/2012,0.07
2/24/2012,0.08
2/27/2012,0.07
2/28/2012,0.1
2/29/2012,0.08
3/1/2012,0.07
3/2/2012,0.06
3/5/2012,0.07
3/6/2012,0.06
3/7/2012,0.06
3/8/2012,0.07
3/9/2012,0.06
3/12/2012,0.05
3/13/2012,0.06
3/14/2012,0.08
3/15/2012,0.08
3/16/2012,0.07
3/19/2012,0.07
3/20/2012,0.08
3/21/2012,0.09
3/22/2012,0.06
3/23/2012,0.06
3/26/2012,0.06
3/27/2012,0.07
3/28/2012,0.05
3/29/2012,0.02
3/30/2012,0.05
4/2/2012,0.05
4/3/2012,0.07
4/4/2012,0.08
4/5/2012,0.07
4/6/2012,0.06
4/9/2012,0.07
4/10/2012,0.08
4/11/2012,0.08
4/12/2012,0.08
4/13/2012,0.07
4/16/2012,0.07
4/17/2012,0.07
4/18/2012,0.05
4/19/2012,0.04
4/20/2012,0.04
4/23/2012,0.04
4/24/2012,0.07
4/25/2012,0.08
4/26/2012,0.09
4/27/2012,0.07
4/30/2012,0.07
5/1/2012,0.07
5/2/2012,0.06
5/3/2012,0.05
5/4/2012,0.05
5/7/2012,0.06
5/8/2012,0.08
5/9/2012,0.07
5/10/2012,0.08
5/11/2012,0.07
5/14/2012,0.07
5/15/2012,0.08
5/16/2012,0.08
5/17/2012,0.08
5/18/2012,0.06
5/21/2012,0.06
5/22/2012,0.07
5/23/2012,0.07
5/24/2012,0.08
5/25/2012,0.07
5/29/2012,0.06
5/30/2012,0.05
5/31/2012,0.03
6/1/2012,0.03
6/4/2012,0.04
6/5/2012,0.05
6/6/2012,0.05
6/7/2012,0.04
6/8/2012,0.04
6/11/2012,0.04
6/12/2012,0.06
6/13/2012,0.07
6/14/2012,0.08
6/15/2012,0.05
6/18/2012,0.05
6/19/2012,0.06
6/20/2012,0.06
6/21/2012,0.05
6/22/2012,0.05
6/25/2012,0.05
6/26/2012,0.07
6/27/2012,0.06
6/28/2012,0.02
6/29/2012,0.04
7/2/2012,0.05
7/3/2012,0.08
7/5/2012,0.07
7/6/2012,0.06
7/9/2012,0.06
7/10/2012,0.07
7/11/2012,0.07
7/12/2012,0.08
7/13/2012,0.08
7/16/2012,0.03
7/17/2012,0.08
7/18/2012,0.07
7/19/2012,0.06
7/20/2012,0.07
7/23/2012,0.07
7/24/2012,0.08
7/25/2012,0.08
7/26/2012,0.08
7/27/2012,0.07
7/30/2012,0.05
7/31/2012,0.07
8/1/2012,0.07
8/2/2012,0.04
8/3/2012,0.02
8/6/2012,0.04
8/7/2012,0.09
8/8/2012,0.09
8/9/2012,0.1
8/10/2012,0.1
8/13/2012,0.1
8/14/2012,0.11
8/15/2012,0.11
8/16/2012,0.1
8/17/2012,0.09
8/20/2012,0.09
8/21/2012,0.1
8/22/2012,0.1
8/23/2012,0.1
8/24/2012,0.1
8/27/2012,0.1
8/28/2012,0.12
8/29/2012,0.12
8/30/2012,0.12
8/31/2012,0.09
9/4/2012,0.1
9/5/2012,0.11
9/6/2012,0.1
9/7/2012,0.09
9/10/2012,0.09
9/11/2012,0.09
9/12/2012,0.09
9/13/2012,0.1
9/14/2012,0.08
9/17/2012,0.05
9/18/2012,0.08
9/19/2012,0.08
9/20/2012,0.06
9/21/2012,0.05
9/24/2012,0.02
9/25/2012,0.06
9/26/2012,0.05
9/27/2012,0.05
9/28/2012,0.06
10/1/2012,0.05
10/2/2012,0.09
10/3/2012,0.09
10/4/2012,0.1
10/5/2012,0.1
10/9/2012,0.11
10/10/2012,0.12
10/11/2012,0.12
10/12/2012,0.12
10/15/2012,0.1
10/16/2012,0.13
10/17/2012,0.13
10/18/2012,0.12
10/19/2012,0.11
10/22/2012,0.1
10/23/2012,0.11
10/24/2012,0.13
10/25/2012,0.13
10/26/2012,0.12
10/29/2012,0.13
10/31/2012,0.09
11/1/2012,0.06
11/2/2012,0.08
11/5/2012,0.09
11/6/2012,0.12
11/7/2012,0.12
11/8/2012,0.13
11/9/2012,0.13
11/13/2012,0.12
11/14/2012,0.15
11/15/2012,0.13
11/16/2012,0.07
11/19/2012,0.06
11/20/2012,0.15
11/21/2012,0.17
11/23/2012,0.16
11/26/2012,0.15
11/27/2012,0.17
11/28/2012,0.17
11/29/2012,0.16
11/30/2012,0.11
12/3/2012,0.13
12/4/2012,0.07
12/5/2012,0.07
12/6/2012,0.07
12/7/2012,0.06
12/10/2012,0.05
12/11/2012,0.04
12/12/2012,0.04
12/13/2012,0.02
12/14/2012,0.01
12/17/2012,0.01
12/18/2012,0.04
12/19/2012,0.03
12/20/2012,0.02
12/21/2012,0.02
12/24/2012,0.02
12/26/2012,0.05
12/27/2012,0.01
12/28/2012,0
12/31/2012,0.02
1/2/2013,0.07
1/3/2013,0.06
1/4/2013,0.06
1/7/2013,0.05
1/8/2013,0.06
1/9/2013,0.04
1/10/2013,0.05
1/11/2013,0.04
1/14/2013,0.05
1/15/2013,0.09
1/16/2013,0.07
1/17/2013,0.05
1/18/2013,0.04
1/22/2013,0.03
1/23/2013,0.06
1/24/2013,0.06
1/25/2013,0.06
1/28/2013,0.03
1/29/2013,0.03
1/30/2013,0.04
1/31/2013,0.04
2/1/2013,0.02
2/4/2013,0.03
2/5/2013,0.06
2/6/2013,0.06
2/7/2013,0.03
2/8/2013,0.03
2/11/2013,0.05
2/12/2013,0.08
2/13/2013,0.09
2/14/2013,0.1
2/15/2013,0.09
2/19/2013,0.09
2/20/2013,0.12
2/21/2013,0.12
2/22/2013,0.11
2/25/2013,0.09
2/26/2013,0.11
2/27/2013,0.11
2/28/2013,0.07
3/1/2013,0.07
3/4/2013,0.06
3/5/2013,0.09
3/6/2013,0.09
3/7/2013,0.1
3/8/2013,0.09
3/11/2013,0.09
3/12/2013,0.1
3/13/2013,0.09
3/14/2013,0.08
3/15/2013,0.07
3/18/2013,0.07
3/19/2013,0.08
3/20/2013,0.08
3/21/2013,0.08
3/22/2013,0.07
3/25/2013,0.06
3/26/2013,0.08
3/27/2013,0.06
3/28/2013,0.04
4/1/2013,0.06
4/2/2013,0.06
4/3/2013,0.06
4/4/2013,0.07
4/5/2013,0.05
4/8/2013,0.05
4/9/2013,0.06
4/10/2013,0.07
4/11/2013,0.06
4/12/2013,0.05
4/15/2013,0.04
4/16/2013,0.06
4/17/2013,0.05
4/18/2013,0.03
4/19/2013,0.04
4/22/2013,0.04
4/23/2013,0.04
4/24/2013,0.05
4/25/2013,0.04
4/26/2013,0.04
4/29/2013,0.03
4/30/2013,0.03
5/1/2013,0.03
5/2/2013,0.02
5/3/2013,0.02
5/6/2013,0.01
5/7/2013,0.01
5/8/2013,0.01
5/9/2013,0.02
5/10/2013,0.02
5/13/2013,0.02
5/14/2013,0.01
5/15/2013,0.01
5/16/2013,0
5/17/2013,0.01
5/20/2013,0.01
5/21/2013,0.04
5/22/2013,0.04
5/23/2013,0.03
5/24/2013,0.03
5/28/2013,0.02
5/29/2013,0.04
5/30/2013,0.02
5/31/2013,0.03
6/3/2013,0.03
6/4/2013,0.05
6/5/2013,0.04
6/6/2013,0.04
6/7/2013,0.04
6/10/2013,0.04
6/11/2013,0.05
6/12/2013,0.04
6/13/2013,0.04
6/14/2013,0.04
6/17/2013,0.05
6/18/2013,0.04
6/19/2013,0.04
6/20/2013,0.03
6/21/2013,0.02
6/24/2013,0.01
6/25/2013,0.03
6/26/2013,0.02
6/27/2013,0.02
6/28/2013,0.02
7/1/2013,0.01
7/2/2013,0.02
7/3/2013,0.03
7/5/2013,0.03
7/8/2013,0.02
7/9/2013,0.04
7/10/2013,0.03
7/11/2013,0.02
7/12/2013,0.02
7/15/2013,0.02
7/16/2013,0.02
7/17/2013,0.02
7/18/2013,0.01
7/19/2013,0.01
7/22/2013,0.01
7/23/2013,0.02
7/24/2013,0.02
7/25/2013,0.02
7/26/2013,0.02
7/29/2013,0.01
7/30/2013,0.03
7/31/2013,0.03
8/1/2013,0.02
8/2/2013,0.02
8/5/2013,0.03
8/6/2013,0.05
8/7/2013,0.05
8/8/2013,0.05
8/9/2013,0.05
8/12/2013,0.05
8/13/2013,0.06
8/14/2013,0.06
8/15/2013,0.05
8/16/2013,0.05
8/19/2013,0.03
8/20/2013,0.03
8/21/2013,0.02
8/22/2013,0.01
8/23/2013,0.02
8/26/2013,0.03
8/27/2013,0.04
8/28/2013,0.04
8/29/2013,0.03
8/30/2013,0.02
9/3/2013,0.03
9/4/2013,0.02
9/5/2013,0.03
9/6/2013,0.02
9/9/2013,0.02
9/10/2013,0.01
9/11/2013,0.01
9/12/2013,0.01
9/13/2013,0.01
9/16/2013,0.01
9/17/2013,0.01
9/18/2013,0.01
9/19/2013,0
9/20/2013,0.01
9/23/2013,0.01
9/24/2013,0.02
9/25/2013,0.02
9/26/2013,0.04
9/27/2013,0.03
9/30/2013,0.03
10/1/2013,0.1
10/2/2013,0.08
10/3/2013,0.13
10/4/2013,0.12
10/7/2013,0.15
10/8/2013,0.27
10/9/2013,0.27
10/10/2013,0.26
10/11/2013,0.26
10/15/2013,0.35
10/16/2013,0.14
10/17/2013,0.01
10/18/2013,0.01
10/21/2013,0.02
10/22/2013,0.04
10/23/2013,0.02
10/24/2013,0.02
10/25/2013,0.02
10/28/2013,0.02
10/29/2013,0.06
10/30/2013,0.05
10/31/2013,0.03
11/1/2013,0.03
11/4/2013,0.02
11/5/2013,0.06
11/6/2013,0.05
11/7/2013,0.04
11/8/2013,0.04
11/12/2013,0.05
11/13/2013,0.06
11/14/2013,0.06
11/15/2013,0.06
11/18/2013,0.04
11/19/2013,0.05
11/20/2013,0.06
11/21/2013,0.02
11/22/2013,0.02
11/25/2013,0.03
11/26/2013,0.07
11/27/2013,0.06
11/29/2013,0.05
12/2/2013,0.02
12/3/2013,0.04
12/4/2013,0.04
12/5/2013,0.02
12/6/2013,0.03
12/9/2013,0.03
12/10/2013,0.03
12/11/2013,0.02
12/12/2013,0.01
12/13/2013,0.02
12/16/2013,0.01
12/17/2013,0.02
12/18/2013,0.01
12/19/2013,0.01
12/20/2013,0.01
12/23/2013,0.01
12/24/2013,0.01
12/26/2013,0
12/27/2013,0
12/30/2013,0.01
12/31/2013,0.01
1/2/2014,0.01
1/3/2014,0.01
1/6/2014,0.01
1/7/2014,0.01
1/8/2014,0
1/9/2014,0.01
1/10/2014,0.01
1/13/2014,0
1/14/2014,0
1/15/2014,0.01
1/16/2014,0.01
1/17/2014,0.01
1/21/2014,0.01
1/22/2014,0
1/23/2014,0.01
1/24/2014,0.04
1/27/2014,0.04
1/28/2014,0.05
1/29/2014,0.04
1/30/2014,0.04
1/31/2014,0.03
2/3/2014,0.04
2/4/2014,0.12
2/5/2014,0.13
2/6/2014,0.07
2/7/2014,0.1
2/10/2014,0.07
2/11/2014,0.05
2/12/2014,0.01
2/13/2014,0.01
2/14/2014,0.01
2/18/2014,0.02
2/19/2014,0.04
2/20/2014,0.02
2/21/2014,0.02
2/24/2014,0.02
2/25/2014,0.04
2/26/2014,0.04
2/27/2014,0.04
2/28/2014,0.04
3/3/2014,0.04
3/4/2014,0.06
3/5/2014,0.06
3/6/2014,0.06
3/7/2014,0.06
3/10/2014,0.05
3/11/2014,0.06
3/12/2014,0.05
3/13/2014,0.06
3/14/2014,0.05
3/17/2014,0.05
3/18/2014,0.07
3/19/2014,0.07
3/20/2014,0.06
3/21/2014,0.05
3/24/2014,0.05
3/25/2014,0.05
3/26/2014,0.05
3/27/2014,0.02
3/28/2014,0.03
3/31/2014,0.03
4/1/2014,0.02
4/2/2014,0.02
4/3/2014,0.03
4/4/2014,0.03
4/7/2014,0.03
4/8/2014,0.04
4/9/2014,0.03
4/10/2014,0.03
4/11/2014,0.04
4/14/2014,0.03
4/15/2014,0.03
4/16/2014,0.03
4/17/2014,0.02
4/21/2014,0.02
4/22/2014,0.02
4/23/2014,0.02
4/24/2014,0
4/25/2014,0.01
4/28/2014,0
4/29/2014,0.02
4/30/2014,0.02
5/1/2014,0.02
5/2/2014,0.01
5/5/2014,0.01
5/6/2014,0.03
5/7/2014,0.03
5/8/2014,0.02
5/9/2014,0.02
5/12/2014,0.02
5/13/2014,0.03
5/14/2014,0.02
5/15/2014,0.01
5/16/2014,0.01
5/19/2014,0.01
5/20/2014,0.04
5/21/2014,0.04
5/22/2014,0.03
5/23/2014,0.04
5/27/2014,0.03
5/28/2014,0.04
5/29/2014,0.05
5/30/2014,0.05
6/2/2014,0.04
6/3/2014,0.04
6/4/2014,0.04
6/5/2014,0.03
6/6/2014,0.02
6/9/2014,0.03
6/10/2014,0.04
6/11/2014,0.03
6/12/2014,0.02
6/13/2014,0.02
6/16/2014,0.03
6/17/2014,0.03
6/18/2014,0.03
6/19/2014,0.01
6/20/2014,0.01
6/23/2014,0.02
6/24/2014,0.01
6/25/2014,0.01
6/26/2014,0.01
6/27/2014,0.02
6/30/2014,0.02
7/1/2014,0.03
7/2/2014,0.02
7/3/2014,0.01
7/7/2014,0.02
7/8/2014,0.02
7/9/2014,0.03
7/10/2014,0.02
7/11/2014,0.02
7/14/2014,0.02
7/15/2014,0.02
7/16/2014,0.02
7/17/2014,0.02
7/18/2014,0.03
7/21/2014,0.02
7/22/2014,0.03
7/23/2014,0.03
7/24/2014,0.04
7/25/2014,0.03
7/28/2014,0.03
7/29/2014,0.03
7/30/2014,0.03
7/31/2014,0.01
8/1/2014,0.01
8/4/2014,0.02
8/5/2014,0.03
8/6/2014,0.03
8/7/2014,0.03
8/8/2014,0.03
8/11/2014,0.03
8/12/2014,0.05
8/13/2014,0.04
8/14/2014,0.04
8/15/2014,0.03
8/18/2014,0.02
8/19/2014,0.04
8/20/2014,0.04
8/21/2014,0.03
8/22/2014,0.04
8/25/2014,0.02
8/26/2014,0.04
8/27/2014,0.02
8/28/2014,0.02
8/29/2014,0.02
9/2/2014,0.02
9/3/2014,0.02
9/4/2014,0.02
9/5/2014,0.02
9/8/2014,0.01
9/9/2014,0.01
9/10/2014,0.01
9/11/2014,0.01
9/12/2014,0.01
9/15/2014,0.01
9/16/2014,0.01
9/17/2014,0.01
9/18/2014,0.01
9/19/2014,0.01
9/22/2014,0
9/23/2014,0.01
9/24/2014,0.01
9/25/2014,0
9/26/2014,0.01
9/29/2014,0.01
9/30/2014,0.02
10/1/2014,0.01
10/2/2014,0.01
10/3/2014,0.01
10/6/2014,0.01
10/7/2014,0.02
10/8/2014,0.01
10/9/2014,0.02
10/10/2014,0.02
10/14/2014,0.03
10/15/2014,0.02
10/16/2014,0.04
10/17/2014,0.03
10/20/2014,0.03
10/21/2014,0.04
10/22/2014,0.04
10/23/2014,0.02
10/24/2014,0.02
10/27/2014,0.03
10/28/2014,0.02
10/29/2014,0.01
10/30/2014,0.01
10/31/2014,0.01
11/3/2014,0.03
11/4/2014,0.04
11/5/2014,0.04
11/6/2014,0.04
11/7/2014,0.04
11/10/2014,0.04
11/12/2014,0.05
11/13/2014,0.05
11/14/2014,0.04
11/17/2014,0.02
11/18/2014,0.04
11/19/2014,0.04
11/20/2014,0.04
11/21/2014,0.04
11/24/2014,0.04
11/25/2014,0.06
11/26/2014,0.06
11/28/2014,0.04
12/1/2014,0.01
12/2/2014,0.04
12/3/2014,0.03
12/4/2014,0.03
12/5/2014,0.02
12/8/2014,0.03
12/9/2014,0.05
12/10/2014,0.05
12/11/2014,0.02
12/12/2014,0.02
12/15/2014,0.02
12/16/2014,0.03
12/17/2014,0.03
12/18/2014,0.04
12/19/2014,0.01
12/22/2014,0.01
12/23/2014,0.02
12/24/2014,0.01
12/26/2014,0.01
12/29/2014,0.01
12/30/2014,0.03
12/31/2014,0.03
1/2/2015,0.02
1/5/2015,0.02
1/6/2015,0.02
1/7/2015,0.02
1/8/2015,0.01
1/9/2015,0.02
1/12/2015,0.02
1/13/2015,0.02
1/14/2015,0.02
1/15/2015,0.03
1/16/2015,0.02
1/20/2015,0.01
1/21/2015,0.01
1/22/2015,0.02
1/23/2015,0.02
1/26/2015,0.02
1/27/2015,0.02
1/28/2015,0.02
1/29/2015,0.01
1/30/2015,0.01
2/2/2015,0.01
2/3/2015,0.02
2/4/2015,0.01
2/5/2015,0.02
2/6/2015,0.01
2/9/2015,0.02
2/10/2015,0.02
2/11/2015,0.02
2/12/2015,0.02
2/13/2015,0.02
2/17/2015,0.02
2/18/2015,0.02
2/19/2015,0.02
2/20/2015,0.02
2/23/2015,0.01
2/24/2015,0.02
2/25/2015,0.02
2/26/2015,0.02
2/27/2015,0.02
3/2/2015,0.02
3/3/2015,0.01
3/4/2015,0.01
3/5/2015,0.02
3/6/2015,0.02
3/9/2015,0.01
3/10/2015,0.03
3/11/2015,0.03
3/12/2015,0.03
3/13/2015,0.03
3/16/2015,0.02
3/17/2015,0.05
3/18/2015,0.02
3/19/2015,0.02
3/20/2015,0
3/23/2015,0.02
3/24/2015,0.03
3/25/2015,0.02
3/26/2015,0.02
3/27/2015,0.02
3/30/2015,0.02
3/31/2015,0.05
4/1/2015,0.02
4/2/2015,0.02
4/3/2015,0.04
4/6/2015,0.02
4/7/2015,0.02
4/8/2015,0.02
4/9/2015,0.02
4/10/2015,0.01
4/13/2015,0.02
4/14/2015,0.02
4/15/2015,0.02
4/16/2015,0.03
4/17/2015,0.03
4/20/2015,0.03
4/21/2015,0.02
4/22/2015,0.01
4/23/2015,0.01
4/24/2015,0.03
4/27/2015,0.01
4/28/2015,-0.02
4/29/2015,-0.02
4/30/2015,-0.01
5/1/2015,0
5/4/2015,0.01
5/5/2015,0.01
5/6/2015,0.02
5/7/2015,0.01
5/8/2015,0.01
5/11/2015,0.02
5/12/2015,0.01
5/13/2015,0.02
5/14/2015,0
5/15/2015,0.02
5/18/2015,0.01
5/19/2015,0.02
5/20/2015,0.02
5/21/2015,0.02
5/22/2015,0.01
5/26/2015,0.01
5/27/2015,0.02
5/28/2015,0.01
5/29/2015,0.01
6/1/2015,0.02
6/2/2015,0.02
6/3/2015,0.02
6/4/2015,0.02
6/5/2015,0.02
6/8/2015,0.01
6/9/2015,0.01
6/10/2015,0.01
6/11/2015,0.01
6/12/2015,0.01
6/15/2015,0
6/16/2015,0
6/17/2015,0
6/18/2015,-0.01
6/19/2015,-0.01
6/22/2015,-0.02
6/23/2015,-0.01
6/24/2015,-0.01
6/25/2015,-0.01
6/26/2015,0
6/29/2015,-0.01
6/30/2015,0.02
7/1/2015,0.01
7/2/2015,0.01
7/6/2015,0.01
7/7/2015,0.02
7/8/2015,0.02
7/9/2015,0.02
7/10/2015,0.01
7/13/2015,0.02
7/14/2015,0.03
7/15/2015,0.03
7/16/2015,0.03
7/17/2015,0.03
7/20/2015,0.03
7/21/2015,0.04
7/22/2015,0.04
7/23/2015,0.04
7/24/2015,0.04
7/27/2015,0.04
7/28/2015,0.05
7/29/2015,0.05
7/30/2015,0.05
7/31/2015,0.04
8/3/2015,0.02
8/4/2015,0.05
8/5/2015,0.05
8/6/2015,0.04
8/7/2015,0.03
8/10/2015,0.02
8/11/2015,0.06
8/12/2015,0.06
8/13/2015,0.06
8/14/2015,0.04
8/17/2015,0.02
8/18/2015,0.05
8/19/2015,0.05
8/20/2015,0.01
8/21/2015,0.02
8/24/2015,0.02
8/25/2015,0.04
8/26/2015,0.03
8/27/2015,0.02
8/28/2015,0.02
8/31/2015,0
9/1/2015,0.01
9/2/2015,0.01
9/3/2015,0.02
9/4/2015,0.02
9/8/2015,0.02
9/9/2015,0.02
9/10/2015,0.02
9/11/2015,0.04
9/14/2015,0.02
9/15/2015,0
9/16/2015,-0.01
9/17/2015,-0.01
9/18/2015,-0.01
9/21/2015,-0.01
9/22/2015,-0.02
9/23/2015,-0.03
9/24/2015,-0.03
9/25/2015,-0.02
9/28/2015,-0.02
9/29/2015,-0.01
9/30/2015,-0.02
10/1/2015,-0.01
10/2/2015,-0.02
10/5/2015,-0.02
10/6/2015,-0.01
10/7/2015,0
10/8/2015,-0.01
10/9/2015,0.01
10/13/2015,0
10/14/2015,0
10/15/2015,0
10/16/2015,0.03
10/19/2015,0.07
10/20/2015,0.08
10/21/2015,0.01
10/22/2015,0.02
10/23/2015,0.01
10/26/2015,0.01
10/27/2015,0.01
10/28/2015,0.03
10/29/2015,0.02
10/30/2015,0.01
11/2/2015,0.01
11/3/2015,0.07
11/4/2015,0.07
11/5/2015,0.04
11/6/2015,0.04
11/9/2015,0.05
11/10/2015,0.08
11/12/2015,0.08
11/13/2015,0.03
11/16/2015,0.04
11/17/2015,0.07
11/18/2015,0.07
11/19/2015,0.06
11/20/2015,0.05
11/23/2015,0.05
11/24/2015,0.13
11/25/2015,0.14
11/27/2015,0.13
11/30/2015,0.1
12/1/2015,0.19
12/2/2015,0.19
12/3/2015,0.18
12/4/2015,0.17
12/7/2015,0.2
12/8/2015,0.23
12/9/2015,0.19
12/10/2015,0.19
12/11/2015,0.15
12/14/2015,0.12
12/15/2015,0.21
12/16/2015,0.2
12/17/2015,0.18
12/18/2015,0.16
12/21/2015,0.13
12/22/2015,0.19
12/23/2015,0.19
12/24/2015,0.15
12/28/2015,0.12
12/29/2015,0.18
12/30/2015,0.08
12/31/2015,0.14
1/4/2016,0.17
1/5/2016,0.2
1/6/2016,0.21
1/7/2016,0.2
1/8/2016,0.2
1/11/2016,0.19
1/12/2016,0.22
1/13/2016,0.22
1/14/2016,0.22
1/15/2016,0.19
1/19/2016,0.2
1/20/2016,0.26
1/21/2016,0.27
1/22/2016,0.25
1/25/2016,0.24
1/26/2016,0.29
1/27/2016,0.27
1/28/2016,0.25
1/29/2016,0.21
2/1/2016,0.17
2/2/2016,0.26
2/3/2016,0.27
2/4/2016,0.24
2/5/2016,0.22
2/8/2016,0.2
2/9/2016,0.27
2/10/2016,0.27
2/11/2016,0.27
2/12/2016,0.25
2/16/2016,0.22
2/17/2016,0.28
2/18/2016,0.28
2/19/2016,0.26
2/22/2016,0.27
2/23/2016,0.28
2/24/2016,0.28
2/25/2016,0.26
2/26/2016,0.25
2/29/2016,0.22
3/1/2016,0.29
3/2/2016,0.27
3/3/2016,0.25
3/4/2016,0.25
3/7/2016,0.26
3/8/2016,0.27
3/9/2016,0.27
3/10/2016,0.27
3/11/2016,0.27
3/14/2016,0.27
3/15/2016,0.29
3/16/2016,0.28
3/17/2016,0.29
3/18/2016,0.27
3/21/2016,0.25
3/22/2016,0.28
3/23/2016,0.27
3/24/2016,0.24
3/28/2016,0.18
3/29/2016,0.18
3/30/2016,0.14
3/31/2016,0.18
4/1/2016,0.2
4/4/2016,0.18
4/5/2016,0.19
4/6/2016,0.19
4/7/2016,0.2
4/8/2016,0.2
4/11/2016,0.19
4/12/2016,0.21
4/13/2016,0.21
4/14/2016,0.21
4/15/2016,0.19
4/18/2016,0.15
4/19/2016,0.18
4/20/2016,0.18
4/21/2016,0.19
4/22/2016,0.19
4/25/2016,0.16
4/26/2016,0.19
4/27/2016,0.18
4/28/2016,0.17
4/29/2016,0.16
5/2/2016,0.1
5/3/2016,0.18
5/4/2016,0.18
5/5/2016,0.2
5/6/2016,0.2
5/9/2016,0.21
5/10/2016,0.25
5/11/2016,0.25
5/12/2016,0.25
5/13/2016,0.24
5/16/2016,0.2
5/17/2016,0.25
5/18/2016,0.25
5/19/2016,0.24
5/20/2016,0.25
5/23/2016,0.25
5/24/2016,0.27
5/25/2016,0.23
5/26/2016,0.16
5/27/2016,0.22
5/31/2016,0.27
6/1/2016,0.27
6/2/2016,0.19
6/3/2016,0.18
6/6/2016,0.18
6/7/2016,0.2
6/8/2016,0.2
6/9/2016,0.21
6/10/2016,0.18
6/13/2016,0.22
6/14/2016,0.24
6/15/2016,0.23
6/16/2016,0.23
6/17/2016,0.22
6/20/2016,0.22
6/21/2016,0.25
6/22/2016,0.25
6/23/2016,0.27
6/24/2016,0.24
6/27/2016,0.21
6/28/2016,0.25
6/29/2016,0.18
6/30/2016,0.19
7/1/2016,0.23
7/5/2016,0.27
7/6/2016,0.26
7/7/2016,0.27
7/8/2016,0.26
7/11/2016,0.27
7/12/2016,0.29
7/13/2016,0.29
7/14/2016,0.29
7/15/2016,0.26
7/18/2016,0.25
7/19/2016,0.29
7/20/2016,0.27
7/21/2016,0.28
7/22/2016,0.28
7/25/2016,0.27
7/26/2016,0.24
7/27/2016,0.24
7/28/2016,0.18
7/29/2016,0.18
8/1/2016,0.19
8/2/2016,0.28
8/3/2016,0.26
8/4/2016,0.24
8/5/2016,0.23
8/8/2016,0.26
8/9/2016,0.27
8/10/2016,0.27
8/11/2016,0.27
8/12/2016,0.27
8/15/2016,0.25
8/16/2016,0.27
8/17/2016,0.27
8/18/2016,0.27
8/19/2016,0.27
8/22/2016,0.23
8/23/2016,0.28
8/24/2016,0.28
8/25/2016,0.27
8/26/2016,0.27
8/29/2016,0.24
8/30/2016,0.23
8/31/2016,0.26
9/1/2016,0.26
9/2/2016,0.24
9/6/2016,0.24
9/7/2016,0.25
9/8/2016,0.25
9/9/2016,0.23
9/12/2016,0.22
9/13/2016,0.25
9/14/2016,0.24
9/15/2016,0.19
9/16/2016,0.19
9/19/2016,0.14
9/20/2016,0.17
9/21/2016,0.12
9/22/2016,0.1
9/23/2016,0.09
9/26/2016,0.1
9/27/2016,0.16
9/28/2016,0.14
9/29/2016,0.11
9/30/2016,0.19
10/3/2016,0.24
10/4/2016,0.28
10/5/2016,0.26
10/6/2016,0.25
10/7/2016,0.25
10/11/2016,0.26
10/12/2016,0.25
10/13/2016,0.26
10/14/2016,0.25
10/17/2016,0.23
10/18/2016,0.26
10/19/2016,0.24
10/20/2016,0.24
10/21/2016,0.24
10/24/2016,0.21
10/25/2016,0.22
10/26/2016,0.25
10/27/2016,0.18
10/28/2016,0.17
10/31/2016,0.18
11/1/2016,0.24
11/2/2016,0.23
11/3/2016,0.23
11/4/2016,0.24
11/7/2016,0.26
11/8/2016,0.28
11/9/2016,0.29
11/10/2016,0.29
11/14/2016,0.29
11/15/2016,0.3
11/16/2016,0.31
11/17/2016,0.29
11/18/2016,0.27
11/21/2016,0.25
11/22/2016,0.34
11/23/2016,0.34
11/25/2016,0.33
11/28/2016,0.3
11/29/2016,0.34
11/30/2016,0.37
12/1/2016,0.31
12/2/2016,0.32
12/5/2016,0.31
12/6/2016,0.34
12/7/2016,0.37
12/8/2016,0.38
12/9/2016,0.39
12/12/2016,0.4
12/13/2016,0.46
12/14/2016,0.48
12/15/2016,0.47
12/16/2016,0.45
12/19/2016,0.44
12/20/2016,0.47
12/21/2016,0.45
12/22/2016,0.41
12/23/2016,0.41
